Title,Company,Location,Apply Link
Senior Python Developer,"Payne, Roberts and Davis","Stewartbury, AA",https://realpython.github.io/fake-jobs/jobs/senior-python-developer-0.html
Energy engineer,Vasquez-Davidson,"Christopherville, AA",https://realpython.github.io/fake-jobs/jobs/energy-engineer-1.html
Legal executive,"Jackson, Chambers and Levy","Port Ericaburgh, AA",https://realpython.github.io/fake-jobs/jobs/legal-executive-2.html
Fitness centre manager,Savage-Bradley,"East Seanview, AP",https://realpython.github.io/fake-jobs/jobs/fitness-centre-manager-3.html
Product manager,Ramirez Inc,"North Jamieview, AP",https://realpython.github.io/fake-jobs/jobs/product-manager-4.html
Medical technical officer,Rogers-Yates,"Davidville, AP",https://realpython.github.io/fake-jobs/jobs/medical-technical-officer-5.html
Physiological scientist,Kramer-Klein,"South Christopher, AE",https://realpython.github.io/fake-jobs/jobs/physiological-scientist-6.html
Textile designer,Meyers-Johnson,"Port Jonathan, AE",https://realpython.github.io/fake-jobs/jobs/textile-designer-7.html
Television floor manager,Hughes-Williams,"Osbornetown, AE",https://realpython.github.io/fake-jobs/jobs/television-floor-manager-8.html
Waste management officer,"Jones, Williams and Villa","Scotttown, AP",https://realpython.github.io/fake-jobs/jobs/waste-management-officer-9.html
Software Engineer (Python),Garcia PLC,"Ericberg, AE",https://realpython.github.io/fake-jobs/jobs/software-engineer-python-10.html
Interpreter,Gregory and Sons,"Ramireztown, AE",https://realpython.github.io/fake-jobs/jobs/interpreter-11.html
Architect,"Clark, Garcia and Sosa","Figueroaview, AA",https://realpython.github.io/fake-jobs/jobs/architect-12.html
Meteorologist,Bush PLC,"Kelseystad, AA",https://realpython.github.io/fake-jobs/jobs/meteorologist-13.html
Audiological scientist,Salazar-Meyers,"Williamsburgh, AE",https://realpython.github.io/fake-jobs/jobs/audiological-scientist-14.html
English as a second language teacher,"Parker, Murphy and Brooks","Mitchellburgh, AE",https://realpython.github.io/fake-jobs/jobs/english-as-a-second-language-teacher-15.html
Surgeon,Cruz-Brown,"West Jessicabury, AA",https://realpython.github.io/fake-jobs/jobs/surgeon-16.html
